EventTitle,URL
Holm vs Silva,https://www.ufc.com/event/ufc-fight-night-july-15-2023
Aspinall vs Tybura,https://www.ufc.com/event/ufc-fight-night-july-22-2023
Poirier vs Gaethje,https://www.ufc.com/event/ufc-291
Sandhagen vs Nurmagomedov,https://www.ufc.com/event/ufc-fight-night-august-05-2023
Luque vs Dos Anjos,https://www.ufc.com/event/ufc-fight-night-august-12-2023
Sterling vs O'Malley,https://www.ufc.com/event/ufc-292
Holloway vs Jung,https://www.ufc.com/event/ufc-fight-night-august-26-2023
Gane vs Spivac,https://www.ufc.com/event/ufc-fight-night-september-02-2023
TBD vs TBD,https://www.ufc.com/event/ufc-293
Grasso vs Shevchenko 2,https://www.ufc.com/event/ufc-fight-night-september-16-2023
TBD vs TBD,https://www.ufc.com/event/ufc-294
Jones vs Miocic,https://www.ufc.com/event/ufc-295
Volkanovski vs Rodriguez,https://www.ufc.com/event/ufc-290
Strickland vs Magomedov,https://www.ufc.com/event/ufc-fight-night-july-01-2023
Emmett vs Topuria,https://www.ufc.com/event/ufc-fight-night-june-24-2023
Vettori vs Cannonier,https://www.ufc.com/event/ufc-fight-night-june-17-2023
Nunes vs Aldana,https://www.ufc.com/event/ufc-289
France vs Albazi,https://www.ufc.com/event/ufc-fight-night-june-03-2023
Dern vs Hill,https://www.ufc.com/event/ufc-fight-night-may-20-2023
Rozenstruik vs Almeida,https://www.ufc.com/event/ufc-fight-night-may-13-2023
Sterling vs Cejudo,https://www.ufc.com/event/ufc-288
Song vs Simon,https://www.ufc.com/event/ufc-fight-night-april-29-2023
Pavlovich vs Blaydes,https://www.ufc.com/event/ufc-fight-night-april-22-2023
Holloway vs Allen,https://www.ufc.com/event/ufc-fight-night-april-15-2023
Pereira vs Adesanya 2,https://www.ufc.com/event/ufc-287
Vera vs Sandhagen,https://www.ufc.com/event/ufc-fight-night-march-25-2023
Edwards vs Usman 3,https://www.ufc.com/event/ufc-286
Yan vs Dvalishvili,https://www.ufc.com/event/ufc-fight-night-march-11-2023
Jones vs Gane,https://www.ufc.com/event/ufc-285
Muniz vs Allen,https://www.ufc.com/event/ufc-fight-night-february-25-2023
Andrade vs Blanchfield,https://www.ufc.com/event/ufc-fight-night-february-18-2023
Makhachev vs Volkanovski,https://www.ufc.com/event/ufc-284
Lewis vs Spivac,https://www.ufc.com/event/ufc-fight-night-february-04-2023
Teixeira vs Hill,https://www.ufc.com/event/ufc-283
Strickland vs Imavov,https://www.ufc.com/event/ufc-fight-night-january-14-2023
Cannonier vs Strickland,https://www.ufc.com/event/ufc-fight-night-december-17-2022
Blachowicz vs Ankalaev,https://www.ufc.com/event/ufc-282
Thompson vs Holland,https://www.ufc.com/event/ufc-fight-night-december-03-2022
Nzechukwu vs Cutelaba,https://www.ufc.com/event/ufc-fight-night-november-19-2022
Adesanya vs Pereira,https://www.ufc.com/event/ufc-281
Rodriguez vs Lemos,https://www.ufc.com/event/ufc-fight-night-november-05-2022
Kattar vs Allen,https://www.ufc.com/event/ufc-fight-night-october-29-2022
Oliveira vs Makhachev,https://www.ufc.com/event/ufc-280
Grasso vs Araujo,https://www.ufc.com/event/ufc-fight-night-october-15-2022
Dern vs Yan,https://www.ufc.com/event/ufc-fight-night-october-01-2022
Sandhagen vs Song,https://www.ufc.com/event/ufc-fight-night-september-17-2022
Diaz vs Ferguson,https://www.ufc.com/event/ufc-279
Gane vs Tuivasa,https://www.ufc.com/event/ufc-fight-night-september-03-2022
Usman vs Edwards,https://www.ufc.com/event/ufc-278
Vera vs Cruz,https://www.ufc.com/event/ufc-fight-night-august-13-2022
Santos vs Hill,https://www.ufc.com/event/ufc-fight-night-august-06-2022
Peña vs Nunes,https://www.ufc.com/event/ufc-277
Blaydes vs Aspinall,https://www.ufc.com/event/ufc-fight-night-july-23-2022
Ortega vs Rodriguez,https://www.ufc.com/event/ufc-fight-night-july-16-2022
Dos Anjos vs Fiziev,https://www.ufc.com/event/ufc-fight-night-july-09-2022
Adesanya vs Cannonier,https://www.ufc.com/event/ufc-276
Tsarukyan vs Gamrot,https://www.ufc.com/event/ufc-fight-night-june-25-2022
Kattar vs Emmett,https://www.ufc.com/event/ufc-fight-night-june-18-2022
Teixeira vs Prochazka,https://www.ufc.com/event/ufc-275
Volkov vs Rozenstruik,https://www.ufc.com/event/ufc-fight-night-june-04-2022
Holm vs Vieira,https://www.ufc.com/event/ufc-fight-night-may-21-2022
Blachowicz vs Rakic,https://www.ufc.com/event/ufc-fight-night-may-14-2022
Oliveira vs Gaethje,https://www.ufc.com/event/ufc-274
Font vs Vera,https://www.ufc.com/event/ufc-fight-night-april-30-2022
Lemos vs Andrade,https://www.ufc.com/event/ufc-fight-night-april-23-2022
Luque vs Muhammad,https://www.ufc.com/event/ufc-fight-night-april-16-2022
Volkanovski vs The Korean Zombie,https://www.ufc.com/event/ufc-273
Blaydes vs Daukaus,https://www.ufc.com/event/ufc-fight-night-march-26-2022
Volkov vs Aspinall,https://www.ufc.com/event/ufc-fight-night-march-19-2022
Santos vs Ankalaev,https://www.ufc.com/event/ufc-fight-night-march-12-2022
Covington vs Masvidal,https://www.ufc.com/event/ufc-272
Makhachev vs Green,https://www.ufc.com/event/ufc-fight-night-february-26-2022
Walker vs Hill,https://www.ufc.com/event/ufc-fight-night-february-19-2022
Adesanya vs Whittaker,https://www.ufc.com/event/ufc-271
Hermansson vs Strickland,https://www.ufc.com/event/ufc-fight-night-february-05-2022
Ngannou vs Gane,https://www.ufc.com/event/ufc-270
Kattar vs Chikadze,https://www.ufc.com/event/ufc-fight-night-january-15-2022
Lewis vs Daukaus,https://www.ufc.com/event/ufc-fight-night-december-18-2021
Oliveira vs Poirier,https://www.ufc.com/event/ufc-269
Font vs Aldo,https://www.ufc.com/event/ufc-fight-night-december-04-2021
Vieira vs Tate,https://www.ufc.com/event/ufc-fight-night-november-20-2021
Holloway vs Rodriguez,https://www.ufc.com/event/ufc-fight-night-november-13-2021
Usman vs Covington,https://www.ufc.com/event/ufc-268
Blachowicz vs Teixeira,https://www.ufc.com/event/ufc-267
Costa vs Vettori,https://www.ufc.com/event/ufc-fight-night-october-23-2021
Ladd vs Dumont,https://www.ufc.com/event/ufc-fight-night-october-16-2021
Dern vs Rodriguez,https://www.ufc.com/event/ufc-fight-night-october-09-2021
Santos vs Walker,https://www.ufc.com/event/ufc-fight-night-october-02-2021
Volkanovski vs Ortega,https://www.ufc.com/event/ufc-266
Smith vs Spann,https://www.ufc.com/event/ufc-fight-night-september-18-2021
Brunson vs Till,https://www.ufc.com/event/ufc-fight-night-september-04-2021
Barboza vs Chikadze,https://www.ufc.com/event/ufc-fight-night-august-28-2021
Cannonier vs Gastelum,https://www.ufc.com/event/ufc-fight-night-august-21-2021
Lewis vs Gane,https://www.ufc.com/event/ufc-265
Hall vs Strickland,https://www.ufc.com/event/ufc-fight-night-july-31-2021
Sandhagen vs Dillashaw,https://www.ufc.com/event/ufc-fight-night-july-24-2021
Makhachev vs Moises,https://www.ufc.com/event/ufc-fight-night-july-17-2021
Poirier vs McGregor,https://www.ufc.com/event/ufc-264
Gane vs Volkov,https://www.ufc.com/event/ufc-fight-night-june-26-2021
Jung vs Ige,https://www.ufc.com/event/ufc-fight-night-june-19-2021
Adesanya vs Vettori,https://www.ufc.com/event/ufc-263
Rozenstruik vs Sakai,https://www.ufc.com/event/ufc-fight-night-june-05-2021
Font vs Garbrandt,https://www.ufc.com/event/ufc-fight-night-may-22-2021
Oliveira vs Chandler,https://www.ufc.com/event/ufc-262
Rodriguez vs Waterson,https://www.ufc.com/event/ufc-fight-night-may-08-2021
Reyes vs Prochazka,https://www.ufc.com/event/ufc-fight-night-may-01-2021
Usman vs Masvidal,https://www.ufc.com/event/ufc-261
Whittaker vs Gastelum,https://www.ufc.com/event/ufc-fight-night-april-17-2021
Vettori vs Holland,https://www.ufc.com/event/ufc-fight-night-april-10-2021
Miocic vs Ngannou,https://www.ufc.com/event/ufc-260
Brunson vs Holland,https://www.ufc.com/event/ufc-fight-night-march-20-2021
Edwards vs Muhammad,https://www.ufc.com/event/ufc-fight-night-march-13-2021
Blachowicz vs Adesanya,https://www.ufc.com/event/ufc-259
Rozenstruik vs Gane,https://www.ufc.com/event/ufc-fight-night-february-27-2021
Blaydes vs Lewis,https://www.ufc.com/event/ufc-fight-night-february-20-2021
Usman vs Burns,https://www.ufc.com/event/ufc-258
Overeem vs Volkov,https://www.ufc.com/event/ufc-fight-night-february-6-2021
Poirier vs McGregor,https://www.ufc.com/event/ufc-257
Chiesa vs Magny,https://www.ufc.com/event/ufc-fight-night-january-20-2021
Holloway vs Kattar,https://www.ufc.com/event/ufc-fight-night-january-16-2021
Thompson vs Neal,https://www.ufc.com/event/ufc-fight-night-december-19-2020
Figueiredo vs Moreno,https://www.ufc.com/event/ufc-256
Hermansson vs Vettori,https://www.ufc.com/event/ufc-fight-night-december-05-2020
Smith vs Clark,https://www.ufc.com/event/ufc-fight-night-november-28-2020
Figueiredo vs Perez,https://www.ufc.com/event/ufc-255
Felder vs Dos Anjos,https://www.ufc.com/event/ufc-fight-night-november-14-2020
Santos vs Teixeira,https://www.ufc.com/event/ufc-fight-night-november-07-2020
Hall vs Silva,https://www.ufc.com/event/ufc-fight-night-october-31-2020
Khabib vs Gaethje,https://www.ufc.com/event/ufc-254
Ortega vs Jung,https://www.ufc.com/event/ufc-fight-night-october-17-2020
Moraes vs Sandhagen,https://www.ufc.com/event/ufc-fight-night-october-10-2020
Holm vs Aldana,https://www.ufc.com/event/ufc-fight-night-october-03-2020
Adesanya vs Costa,https://www.ufc.com/event/ufc-253
Covington vs Woodley,https://www.ufc.com/event/ufc-fight-night-september-19-2020
Waterson vs Hill,https://www.ufc.com/event/ufc-fight-night-september-12-2020
Overeem vs Sakai,https://www.ufc.com/event/ufc-fight-night-sept-05-2020
Smith vs Rakic,https://www.ufc.com/event/ufc-fight-night-august-29-2020
Munhoz vs Edgar,https://www.ufc.com/event/ufc-fight-night-august-22-2020
Miocic vs Cormier,https://www.ufc.com/event/ufc-252
Lewis vs Oleinik,https://www.ufc.com/event/ufc-fight-night-august-08-2020
Brunson vs Shahbazyan,https://www.ufc.com/event/ufc-fight-night-august-01-2020
Whittaker vs Till,https://www.ufc.com/event/ufc-fight-night-july-25-2020
Figueiredo vs Benavidez,https://www.ufc.com/event/ufc-fight-night-july-18-2020
Kattar vs Ige,https://www.ufc.com/event/ufc-fight-night-july-15-2020
Usman vs Masvidal,https://www.ufc.com/event/ufc-251
Poirier vs Hooker,https://www.ufc.com/event/ufc-fight-night-june-27-2020
Blaydes vs Volkov,https://www.ufc.com/event/ufc-fight-night-2020
Eye vs Calvillo,https://www.ufc.com/event/ufc-fight-night-june-13-2020
Nunes vs Spencer,https://www.ufc.com/event/ufc-250
Woodley vs Burns,https://www.ufc.com/event/ufc-fight-night-may-30-2020
Overeem vs Harris,https://www.ufc.com/event/ufc-fight-night-may-16-2020
Smith vs Teixeira,https://www.ufc.com/event/ufc-fight-night-may-13-2020
Ferguson vs Gaethje,https://www.ufc.com/event/ufc-249
Lee vs Oliveira,https://www.ufc.com/event/ufc-fight-night-march-14-2020
Adesanya vs Romero,https://www.ufc.com/event/ufc-248
Benavidez vs Figueiredo,https://www.ufc.com/event/ufc-fight-night-norfolk-february-29-2020
Felder vs Hooker,https://www.ufc.com/event/ufc-fight-night-february-23-2020
Anderson vs Blachowicz,https://www.ufc.com/event/ufc-fight-night-february-15-2020
Jones vs Reyes,https://www.ufc.com/event/ufc-247
Blaydes vs Dos Santos,https://www.ufc.com/event/ufc-fight-night-raleigh-january-25-blaydes-jds
McGregor vs Cowboy,https://www.ufc.com/event/ufc-246
Edgar vs Jung,https://www.ufc.com/event/ufc-fight-night-december-21-2019
Usman vs Covington,https://www.ufc.com/event/ufc-245
Overeem vs Rozenstruik,https://www.ufc.com/event/ufc-fight-night-december-7-2019
Blachowicz vs Souza,https://www.ufc.com/event/ufc-fight-night-november-16-2019
Magomedsharipov vs Kattar,https://www.ufc.com/event/ufc-fight-night-november-9-2019
Masvidal vs Diaz,https://www.ufc.com/event/ufc-244
Maia vs Askren,https://www.ufc.com/event/ufc-fight-night-october-26-2019
Reyes vs Weidman,https://www.ufc.com/event/ufc-fight-night-october-18-2019
Joanna vs Waterson,https://www.ufc.com/event/ufc-fight-night-october-12-2019
Whittaker vs Adesanya,https://www.ufc.com/event/ufc-243
Hermansson vs Cannonier,https://www.ufc.com/event/ufc-fight-night-september-28-2019
Rodriguez vs Stephens,https://www.ufc.com/event/ufc-fight-night-septemer-21-2019
Cowboy vs Gaethje,https://www.ufc.com/event/ufc-fight-night-september-14-2019
Khabib vs Poirier,https://www.ufc.com/event/ufc-242
Andrade vs Zhang,https://www.ufc.com/event/ufc-fight-night-august-31-2019
Cormier vs Miocic,https://www.ufc.com/event/ufc-241
Shevchenko vs Carmouche,https://www.ufc.com/event/ufc-fight-night-august-10-2019
Covington vs Lawler,https://www.ufc.com/event/ufc-fight-night-august-03-2019
Holloway vs Edgar,https://www.ufc.com/event/ufc-240
Dos Anjos vs Edwards,https://www.ufc.com/event/ufc-fight-night-july-20-2019
de Randamie vs Ladd,https://www.ufc.com/event/ufc-fight-night-july-13-2019
Jones vs Santos,https://www.ufc.com/event/ufc-239
Ngannou vs Dos Santos,https://www.ufc.com/event/ufc-fight-night-june-29-2019-minneapolis
Moicano vs The Korean Zombie,https://www.ufc.com/event/ufc-fight-night-june-22-2019
Cejudo vs Moraes,https://www.ufc.com/event/ufc-238
Gustafsson vs Smith,https://www.ufc.com/event/ufc-fight-night-stockholm-2019
Dos Anjos vs Lee,https://www.ufc.com/event/ufc-fight-night-may-18-2019
Namajunas vs Andrade,https://www.ufc.com/event/ufc-237
Iaquinta vs Cowboy,https://www.ufc.com/event/ufc-fight-night-may-04-2019
Jacare vs Hermansson,https://www.ufc.com/event/ufc-fight-night-april-27-2019
Overeem vs Oleinik,https://www.ufc.com/event/ufc-fight-night-april-20-2019
Holloway vs Poirier 2,https://www.ufc.com/event/ufc-236
Barboza vs Gaethje,https://www.ufc.com/event/ufc-fight-night-march-30-2019
Thompson vs Pettis,https://www.ufc.com/event/ufc-fight-night-march-23-2019
Till vs Masvidal,https://www.ufc.com/event/ufc-fight-night-london-2019
Lewis vs Dos Santos,https://www.ufc.com/event/ufc-fight-night-march-9-2019
Jones vs Smith,https://www.ufc.com/event/ufc-235
Blachowicz vs Santos,https://www.ufc.com/event/ufc-fight-night-czech-republic-2019
Ngannou vs Velasquez,https://www.ufc.com/event/ufc-fight-night-phoenix-2019
Adesanya vs Silva,https://www.ufc.com/event/ufc-234
UFC Fight Night: Assuncao vs Moraes 2,https://www.ufc.com/event/ufc-fight-night-brazil-2019
Cejudo vs Dillashaw,https://www.ufc.com/event/ufc-fight-night-brooklyn-jan-19-2019
Jones vs Gustafsson 2,https://www.ufc.com/event/ufc-232
Lee vs Iaquinta 2,https://www.ufc.com/event/ufc-milwaukee-2018
Holloway vs Ortega,https://www.ufc.com/event/ufc-231
Dos Santos vs Tuivasa,https://www.ufc.com/event/ufc-australia-2018
Dos Anjos vs Usman,https://www.ufc.com/event/tuf-28-finale-2018
Blaydes vs Ngannou 2,https://www.ufc.com/event/ufc-china-2018
Magny vs Ponzinibbio,https://www.ufc.com/event/ufc-south-america-2018
The Korean Zombie vs Rodriguez,https://www.ufc.com/event/ufc-denver-2018
Cormier vs Lewis,https://www.ufc.com/event/ufc-230
Volkan vs Smith,https://www.ufc.com/event/ufc-moncton-2018
Khabib vs McGregor,https://www.ufc.com/event/ufc-229
Santos vs Anders,https://www.ufc.com/event/fight-night-sao-paulo-sept-22-2018
Hunt vs Oleinik,https://www.ufc.com/event/fight-night-moscow-sept-15-2018
Woodley vs Till,https://www.ufc.com/event/ufc-228
Gaethje vs Vick,https://www.ufc.com/event/fight-night-lincoln-2018
Dillashaw vs Garbrandt 2,https://www.ufc.com/event/ufc-227
Alvarez vs Poirier 2,https://www.ufc.com/event/fight-night-canada-july-28-2018
Shogun vs Smith,https://www.ufc.com/event/fight-night-hamburg-2018
Dos Santos vs Ivanov,https://www.ufc.com/event/fight-night-boise-2018
Miocic vs Cormier,https://www.ufc.com/event/ufc-226
Tavares vs Adesanya,https://www.ufc.com/event/the-ultimate-fighter-finale-july-6-2018
Cowboy vs Edwards,https://www.ufc.com/event/fight-night-asia-june-2018
 Whittaker vs Romero,https://www.ufc.com/event/ufc-225
Rivera vs Moraes,https://www.ufc.com/event/fight-night-utica-2018
Thompson vs Till,https://www.ufc.com/event/fight-night-liverpool-2018
Maia vs Usman,https://www.ufc.com/event/fight-night-santiago-2018
Nunes vs Pennington,https://www.ufc.com/event/ufc-224
Barboza vs Lee,https://www.ufc.com/event/fight-night-atlantic-city-2018
Poirier vs Gaethje,https://www.ufc.com/event/ufc-fight-night-april-14-2018
Khabib vs Iaquinta,https://www.ufc.com/event/ufc-223
Werdum vs Volkov,https://www.ufc.com/event/ufc-fight-night-london-march-17-2018
Cyborg vs Kunitskaya,https://www.ufc.com/event/ufc-222
Emmett vs Stephens,https://www.ufc.com/event/ufc-fight-night-orlando-february-24-2018
Cowboy vs Medeiros,https://www.ufc.com/event/ufc-fight-night-austin-february-18-2018
Romero vs Rockhold,https://www.ufc.com/event/ufc-221
Machida vs Anders,https://www.ufc.com/event/ufc-fight-night-belem-february-3-2018
Jacare vs Brunson 2,https://www.ufc.com/event/ufc-fight-night-charlotte-january-27-2018
Miocic vs Ngannou,https://www.ufc.com/event/ufc-220
Stephens vs Choi,https://www.ufc.com/event/ufc-fight-night-st-louis-january-14-2018
Cyborg vs Holm,https://www.ufc.com/event/ufc-219
Lawler vs Dos Anjos,https://www.ufc.com/event/ufc-fight-night-winnipeg-dec-16-2017
Swanson vs Ortega,https://www.ufc.com/event/ufc-fight-night-fresno-dec-9-2017
Holloway vs Aldo 2,https://www.ufc.com/event/ufc-218
Montano vs Modafferi,https://www.ufc.com/event/the-ultimate-fighter-finale-dec-1-2017
Bisping vs Gastelum,https://www.ufc.com/event/ufc-fight-night-shanghai-nov-25-2017
Werdum vs Tybura,https://www.ufc.com/event/ufc-fight-night-sydney-2017
Poirier vs Pettis,https://www.ufc.com/event/ufc-fight-night-norfolk-nov-11-2017
Bisping vs St-Pierre,https://www.ufc.com/event/ufc-217
Brunson vs Machida,https://www.ufc.com/event/ufc-fight-night-brazil-oct-28-2017
Cerrone vs Till,https://www.ufc.com/event/ufc-fight-night-poland-2017
Ferguson vs Lee,https://www.ufc.com/event/ufc-216
Saint Preux vs Okami,https://www.ufc.com/event/ufc-fight-night-japan-2017
Rockhold vs Branch,https://www.ufc.com/event/ufc-fight-night-pittsburgh-2017
Nunes vs Shevchenko 2,https://www.ufc.com/event/ufc-215
Volkov vs Struve,https://www.ufc.com/event/ufc-fight-night-rotterdam-2017
Pettis vs Moreno,https://www.ufc.com/event/ufc-fight-night-mexico-city-2017
Cormier vs Jones 2,https://www.ufc.com/event/ufc-214
Weidman vs Gastelum,https://www.ufc.com/event/ufc-fight-night-long-island-2017
Nelson vs Ponzinibbio,https://www.ufc.com/event/ufc-fight-night-glasgow-2017
Romero vs Whittaker,https://www.ufc.com/event/ufc-213
Johnson vs Gaethje,https://www.ufc.com/event/the-ultimate-fighter-redemption-finale
Chiesa vs Lee,https://www.ufc.com/event/ufc-fight-night-oklahoma-city-2017
Holm vs Correia,https://www.ufc.com/event/ufc-fight-night-singapore-2017
Lewis vs Hunt,https://www.ufc.com/event/ufc-fight-night-auckland-2017
Aldo vs Holloway,https://www.ufc.com/event/ufc-212
Gustafsson vs Teixeira,https://www.ufc.com/event/ufc-fight-night-stockholm-2017
Miocic vs Dos Santos 2,https://www.ufc.com/event/ufc-211
Swanson vs Lobov,https://www.ufc.com/event/ufc-fight-night-nashville-2017
Johnson vs Reis,https://www.ufc.com/event/ufc-fight-night-kansas-city-2017
Cormier vs Johnson 2,https://www.ufc.com/event/ufc-210
Manuwa vs Anderson,https://www.ufc.com/event/ufc-fight-night-london-2017
Belfort vs Gastelum,https://www.ufc.com/event/ufc-fight-night-brazil-march-2017
Woodley vs Thompson 2,https://www.ufc.com/event/ufc-209
Lewis vs Browne,https://www.ufc.com/event/ufc-fight-night-halifax-2017
Holm vs de Randamie,https://www.ufc.com/event/ufc-208
Bermudez vs Korean Zombie,https://www.ufc.com/event/ufc-fight-night-houston-2017
Shevchenko vs Peña,https://www.ufc.com/event/ufc-fight-night-denver-2017
Rodriguez vs Penn,https://www.ufc.com/event/ufc-fight-night-phoenix-2016
Nunes vs Rousey,https://www.ufc.com/event/ufc-207
VanZant vs Waterson,https://www.ufc.com/event/ufc-fight-night-sacramento
Holloway vs Pettis,https://www.ufc.com/event/ufc-206
Lewis vs Abdurakhimov,https://www.ufc.com/event/ufc-fight-night-albany
A Tournament of Champions,https://www.ufc.com/event/the-ultimate-fighter-24-finale
Whittaker vs Brunson,https://www.ufc.com/event/ufc-fight-night-melbourne-2016
Bader vs Nogueira,https://www.ufc.com/event/ufc-fight-night-brazil-nov-19-2016
Mousasi vs Hall 2,https://www.ufc.com/event/ufc-fight-night-belfast
Alvarez vs McGregor,https://www.ufc.com/event/ufc-205
Dos Anjos vs Ferguson,https://www.ufc.com/event/ufc-fight-night-mexico-city-2016
Bisping vs Henderson 2,https://www.ufc.com/event/ufc-204
Lineker vs Dodson,https://www.ufc.com/event/ufc-fight-night-portland
Cyborg vs Lansberg,https://www.ufc.com/event/ufc-fight-night-brasilia-2016
Poirier vs Johnson,https://www.ufc.com/event/ufc-fight-night-hidalgo
Miocic vs Overeem,https://www.ufc.com/event/ufc-203
Arlovski vs Barnett,https://www.ufc.com/event/ufc-fight-night-hamburg-2016
Maia vs Condit,https://www.ufc.com/event/ufc-fight-night-vancouver-2016
Diaz vs McGregor 2,https://www.ufc.com/event/ufc-202
Rodriguez vs Caceres,https://www.ufc.com/event/ufc-fight-night-salt-lake-city
Lawler vs Woodley,https://www.ufc.com/event/ufc-201
Holm vs Shevchenko,https://www.ufc.com/event/ufc-fight-night-chicago-2016
McDonald vs Lineker,https://www.ufc.com/event/ufc-fight-night-sioux-falls
Tate vs Nunes,https://www.ufc.com/event/ufc-200
Team Joanna vs Team Claudia,https://www.ufc.com/event/the-ultimate-fighter-finale-team-joanna-team-claudia
Dos Anjos vs Alvarez,https://www.ufc.com/event/ufc-fight-night-las-vegas-july-2016
MacDonald vs Thompson,https://www.ufc.com/event/ufc-fight-night-ottawa
Rockhold vs Bisping 2,https://www.ufc.com/event/ufc-199
Almeida vs Garbrandt,https://www.ufc.com/event/ufc-fight-night-las-vegas-may-2016
Werdum vs Miocic,https://www.ufc.com/event/ufc-198
Overeem vs Arlovski,https://www.ufc.com/event/ufc-fight-night-rotterdam-2016
Jones vs Saint Preux,https://www.ufc.com/event/ufc-197
Teixeira vs Evans,https://www.ufc.com/event/ufc-fight-night-tampa
Rothwell vs Dos Santos,https://www.ufc.com/event/ufc-fight-night-zagreb-2016
Hunt vs Mir,https://www.ufc.com/event/ufc-fight-night-brisbane-2016
McGregor vs Diaz,https://www.ufc.com/event/ufc-196
Silva vs Bisping,https://www.ufc.com/event/ufc-fight-night-london-2016
Cowboy vs Cowboy,https://www.ufc.com/event/ufc-fight-night-pittsburgh-2016
Hendricks vs Thompson,https://www.ufc.com/event/fight-night-hendricks-vs-thompson
Johnson vs Bader,https://www.ufc.com/event/ufc-fight-night-new-jersey
Dillashaw vs Cruz,https://www.ufc.com/event/ufc-fight-night-boston-2016
Lawler vs Condit,https://www.ufc.com/event/ufc-195
Dos Anjos vs Cowboy 2,https://www.ufc.com/event/ufc-fight-night-orlando-2015
Aldo vs McGregor,https://www.ufc.com/event/ufc-194
Team McGregor vs Teab Faber,https://www.ufc.com/event/the-ultimate-fighter-finale-team-mcgregor-team-faber
Namajunas vs VanZant,https://www.ufc.com/event/ufc-fight-night-las-vegas-2015
Henderson vs Masvidal,https://www.ufc.com/event/ufc-fight-night-seoul-south-korea-2015
Magny vs Gastelum,https://www.ufc.com/event/ufc-fight-night-monterrey-mexico-2015
Rousey vs Holm,https://www.ufc.com/event/ufc-193
Belfort vs Henderson,https://www.ufc.com/event/ufc-fight-night-sao-paulo-2015
Holohan vs Smolka,https://www.ufc.com/event/ufc-fight-night-dublin-2015
Cormier vs Gustafsson,https://www.ufc.com/event/ufc-192
Barnett vs Nelson,https://www.ufc.com/event/ufc-fight-night-140
Johnson vs Dodson 2,https://www.ufc.com/event/ufc-191
Holloway vs Oliveira,https://www.ufc.com/event/ufc-fight-night-saskatoon-canada-2015
Teixeira vs Saint Preux,https://www.ufc.com/event/ufc-fight-night-nashville-2015
Rousey vs Correia,https://www.ufc.com/event/ufc-190
Dillashaw vs Barao 2,https://www.ufc.com/event/ufc-fight-night-chicago-2015
Bisping vs Leites,https://www.ufc.com/event/ufc-fight-night-glasgow-2015
Mir vs Duffee,https://www.ufc.com/event/ufc-fight-night-san-diego-2015
American Top Team vs. Blackzilians,https://www.ufc.com/event/the-ultimate-fighter-team-att-team-blackzilians
Mendes vs McGregor,https://www.ufc.com/event/ufc-189
Machida vs Romero,https://www.ufc.com/event/ufc-fight-night-hollywood-florida-2015
Jedrzejczyk vs Penne,https://www.ufc.com/event/ufc-fight-night-berlin-germany-2015
Velasquez vs Werdum,https://www.ufc.com/event/ufc-188
Boetsch vs Henderson,https://www.ufc.com/event/ufc-fight-night-new-orleans-2015
Condit vs Alves,https://www.ufc.com/event/ufc-fight-night-goiania-2015
Johnson vs Cormier,https://www.ufc.com/event/ufc-187
Edgar vs Faber,https://www.ufc.com/event/ufc-fight-night-29
Miocic vs Hunt,https://www.ufc.com/event/ufc-fight-night-adelaide-australia-2015
Johnson vs Horiguchi,https://www.ufc.com/event/ufc-186
Machida vs Rockhold,https://www.ufc.com/event/ufc-fight-night-newark-new-jersey
Gonzaga vs Cro Cop 2,https://www.ufc.com/event/ufc-fight-night-krakow-poland-2015
Mendes vs Lamas,https://www.ufc.com/event/ufc-fight-night-fairfax-2015
Maia vs LaFlare,https://www.ufc.com/event/ufc-fight-night-rio-de-janeiro-2015
Pettis vs Dos Anjos,https://www.ufc.com/event/ufc-185
Rousey vs Zingano,https://www.ufc.com/event/ufc-184
Bigfoot vs Mir,https://www.ufc.com/event/ufc-fight-night-porto-alegre
Henderson vs Thatch,https://www.ufc.com/event/ufc-fight-night-broomfield
Silva vs Diaz,https://www.ufc.com/event/ufc-183
Gustafsson vs Johnson,https://www.ufc.com/event/ufc-fight-night-stockholm-sweden
McGregor vs Siver,https://www.ufc.com/event/ufc-fight-night-boston-2015
Jones vs Cormier,https://www.ufc.com/event/ufc-182
Machida vs Dollaway,https://www.ufc.com/event/ufc-fight-night-barueri
Dos Santos vs Miocic,https://www.ufc.com/event/ufc-fight-night-phoenix
A Champion Will Be Crowned,https://www.ufc.com/event/the-ultimate-fighter-a-champion-will-be-crowned
Hendricks vs Lawler II,https://www.ufc.com/event/ufc-181
Edgar vs Swanson,https://www.ufc.com/event/ufc-fight-night-austin
Werdum vs Hunt,https://www.ufc.com/event/ufc-180
Shogun vs Saint Preux,https://www.ufc.com/event/ufc-fight-night-uberlandia
Rockhold vs Bisping,https://www.ufc.com/event/ufc-fight-night-sydney-australia
Aldo vs Mendes 2,https://www.ufc.com/event/ufc-179
Saffiedine vs MacDonald,https://www.ufc.com/event/ufc-fight-night-halifax
Nelson vs Story,https://www.ufc.com/event/ufc-fight-night-stockholm
Johnson vs Cariaso,https://www.ufc.com/event/ufc-178
Hunt vs Nelson,https://www.ufc.com/event/ufc-fight-night-127
Bigfoot vs Arlovski,https://www.ufc.com/event/ufc-fight-night-brasilia
Jacare vs Mousasi,https://www.ufc.com/event/ufc-fight-night-ledyard
Dillashaw vs Soto,https://www.ufc.com/event/ufc-177
Henderson vs Dos Anjos,https://www.ufc.com/event/ufc-fight-night-bok-center-tulsa
Bisping vs Le,https://www.ufc.com/event/ufc-fight-night-macao-cotai-arena
Bader vs Saint Preux,https://www.ufc.com/event/ufc-fight-night-125
Lawler vs Brown,https://www.ufc.com/event/FOX12
McGregor vs Brandao,https://www.ufc.com/event/ufn-dublin-ireland
Cerrone vs Miller,https://www.ufc.com/event/ufc-fight-night-atlantic-city
Edgar vs Penn,https://www.ufc.com/event/TUF19-Finale
Weidman vs Machida,https://www.ufc.com/event/ufc-175
Stephens vs Swanson,https://www.ufc.com/event/ufn-san-antonio-fs1
Te Huna vs Marquardt,https://www.ufc.com/event/ufn-auckland-nz
Johnson vs Bagautinov,https://www.ufc.com/event/ufc-174
Henderson vs Khabilov,https://www.ufc.com/event/ufn-albuquerque-fs1
Miocic vs Maldonado,https://www.ufc.com/event/ufn-sao-paulo-tuf-brazil
Munoz vs Mousasi,https://www.ufc.com/event/fight-night-berlin
Barao vs Dillashaw,https://www.ufc.com/event/ufc-173
Brown vs Silva,https://www.ufc.com/event/ufn-cincinnati-fs1
Jones vs Teixeira,https://www.ufc.com/event/ufc-172
Werdum vs Browne,https://www.ufc.com/event/FOX11
Bisping vs Kennedy,https://www.ufc.com/event/ufc-fight-night-quebec-city
Nogueira vs Nelson,https://www.ufc.com/event/ufc-abu-dhabi-nogueira-nelson
Shogun vs Henderson 2,https://www.ufc.com/event/ufn-natal-brazil
Hendricks vs Lawler,https://www.ufc.com/event/ufc-171
Gustafsson vs Manuwa,https://www.ufc.com/event/ufc-london
Kim vs Hathaway,https://www.ufc.com/event/ufn-macao-kim-hathaway
Rousey vs McMann,https://www.ufc.com/event/ufc-170
Machida vs Mousasi,https://www.ufc.com/event/ufn-jaragua-do-sul
Barao vs Faber 2,https://www.ufc.com/event/ufc-169
Henderson vs Thomson,https://www.ufc.com/event/FOX10
Rockhold vs Philippou,https://www.ufc.com/event/ufc-fight-night-atlanta
Saffiedine vs Lim,https://www.ufc.com/event/ufn-singapore
Weidman vs Silva 2,https://www.ufc.com/event/ufc-168
Johnson vs. Benavidez 2,https://www.ufc.com/event/FOX9
Hunt vs Bigfoot,https://www.ufc.com/event/ufc-fight-night-hunt-bigfoot
Maynard vs. Diaz,https://www.ufc.com/event/TUF18-Finale
St-Pierre vs Hendricks,https://www.ufc.com/event/ufc-167
Belfort vs Henderson,https://www.ufc.com/event/ufn-belfort-henderson
Kennedy vs Natal,https://www.ufc.com/event/ufc-fight-night-fftt-fort-campbell
Machida vs Munoz,https://www.ufc.com/event/ufc-fight-night-machida-munoz
Velasquez vs Dos Santos III,https://www.ufc.com/event/ufc-166
Maia vs Shields,https://www.ufc.com/event/ufc-fight-night-maia-shields
Jones vs Gustafsson,https://www.ufc.com/event/ufc-165
Teixeira vs Bader,https://www.ufc.com/event/ufc-fight-night-teixeira-bader
Henderson vs Pettis 2,https://www.ufc.com/event/ufc-164
Condit vs Kampmann 2,https://www.ufc.com/event/ufc-fight-night-condit-kampmann2
Shogun vs Sonnen,https://www.ufc.com/event/ufc-fight-night-shogun-sonnen
Aldo vs Korean Zombie,https://www.ufc.com/event/ufc-163
Johnson vs Moraga,https://www.ufc.com/event/FOX8
Silva vs Weidman,https://www.ufc.com/event/ufc-162
Evans vs Henderson,https://www.ufc.com/event/ufc-161
Nogueira vs Werdum,https://www.ufc.com/event/FUEL10
Velasquez vs Bigfoot 2,https://www.ufc.com/event/ufc-160
Belfort vs. Rockhold,https://www.ufc.com/event/FX8
Jones vs Sonnen,https://www.ufc.com/event/ufc-159
Henderson vs Melendez,https://www.ufc.com/event/FOX7
Faber vs. Jorgensen,https://www.ufc.com/event/TUF17-Finale
Mousasi vs. Latifi,https://www.ufc.com/event/FUEL9
St-Pierre vs Diaz,https://www.ufc.com/event/ufc-158
Silva vs Stann,https://www.ufc.com/event/FUEL8
Rousey vs Carmouche,https://www.ufc.com/event/ufc-157
Barao vs McDonald,https://www.ufc.com/event/FUEL7
Aldo vs Edgar,https://www.ufc.com/event/ufc-156
Johnson vs Dodson,https://www.ufc.com/event/FOX6
Belfort vs. Bisping,https://www.ufc.com/event/FX7
Dos Santos vs. Velasquez II,https://www.ufc.com/event/ufc-155
Sotiropoulos vs. Pearson,https://www.ufc.com/event/ufc-fx1
Team Carwin vs Team Nelson,https://www.ufc.com/event/TUF16-Finale
Henderson vs Diaz,https://www.ufc.com/event/FOX5
St-Pierre vs. Condit,https://www.ufc.com/event/ufc-154-live-pay-view
St-Pierre vs Condit,https://www.ufc.com/event/ufc-154
Franklin vs Le,https://www.ufc.com/event/FUEL6
Silva vs Bonnar,https://www.ufc.com/event/ufc-153
Browne vs Bigfoot,https://www.ufc.com/event/FX5
Struve vs Miocic,https://www.ufc.com/event/FUEL5
Jones vs Belfort,https://www.ufc.com/event/ufc-152
Henderson vs. Edgar II ,https://www.ufc.com/event/ufc-150
Shogun vs Vera,https://www.ufc.com/event/FOX4
Faber vs Barao,https://www.ufc.com/event/ufc-149
Munoz vs Weidman,https://www.ufc.com/event/FUEL4
Silva vs. Sonnen II,https://www.ufc.com/event/ufc-148
Silva vs. Franklin II,https://www.ufc.com/event/ufc-147
Maynard vs. Guida,https://www.ufc.com/event/FX4
Johnson vs. McCall,https://www.ufc.com/event/FX3
Ellenberger vs Kampmann,https://www.ufc.com/event/TUF-Live-1-Finale
Dos Santos vs Mir,https://www.ufc.com/event/ufc-146
Barnett vs. Cormier,https://www.ufc.com/event/strikeforcer-heavyweight-grand-prix-final
Korean Zombie vs. Poirier,https://www.ufc.com/event/FUEL3
Diaz vs Miller,https://www.ufc.com/event/FOX3
Jones vs Evans,https://www.ufc.com/event/ufc-145
Gustafsson vs Silva,https://www.ufc.com/event/UFCSweden
Alves vs. Kampmann,https://www.ufc.com/event/UFCFX2
Edgar vs Henderson,https://www.ufc.com/event/ufc-144
Sanchez vs Ellenberger,https://www.ufc.com/event/UFCFUEL1
Diaz vs Condit,https://www.ufc.com/event/ufc-143
Evans vs Davis,https://www.ufc.com/event/UFCFox2
Guillard vs Miller,https://www.ufc.com/event/UFCFX1
Aldo vs Mendes,https://www.ufc.com/event/ufc-142
Lesnar vs Overeem,https://www.ufc.com/event/ufc-141
Jones vs Machida,https://www.ufc.com/event/ufc-140
Team Bisping vs. Team Miller,https://www.ufc.com/event/TUF14-Finale
Shogun vs. Henderson,https://www.ufc.com/event/ufc-139
Velasquez vs Dos Santos,https://www.ufc.com/event/UFC-on-Fox
Leben vs Munoz,https://www.ufc.com/event/ufc-138
Penn vs Diaz,https://www.ufc.com/event/ufc-137
EDGAR vs. MAYNARD III,https://www.ufc.com/event/ufc-136
Cruz vs Johnson,https://www.ufc.com/event/UVS6
JONES vs. RAMPAGE,https://www.ufc.com/event/ufc-135
Shields vs Ellenberger,https://www.ufc.com/event/UFN25
Silva vs Okami,https://www.ufc.com/event/ufc-134
Hardy vs. Lytle,https://www.ufc.com/event/UVS5
Evans vs. Ortiz,https://www.ufc.com/event/ufc-133
Cruz vs Faber,https://www.ufc.com/event/ufc-132
KONGO vs BARRY,https://www.ufc.com/event/UFCLive4
DOS SANTOS vs. CARWIN,https://www.ufc.com/event/ufc-131
Team Lesnar vs. Team Dos Santos ,https://www.ufc.com/event/TUF13-finale
Rampage vs. Hamill,https://www.ufc.com/event/ufc-130
St-Pierre vs Shields,https://www.ufc.com/event/ufc-129
NOGUEIRA vs. DAVIS,https://www.ufc.com/event/UFN24
SHOGUN vs JONES,https://www.ufc.com/event/ufc-128
SANCHEZ vs. KAMPMANN,https://www.ufc.com/event/UFCLive3
Penn vs Fitch,https://www.ufc.com/event/ufc-127
Silva vs Belfort,https://www.ufc.com/event/ufc-126
Dunham vs Guillard,https://www.ufc.com/event/fight-for-the-troops-2
RESOLUTION,https://www.ufc.com/event/ufc-125
ST-PIERRE vs KOSCHECK,https://www.ufc.com/event/ufc-124
Team GSP vs Team Koscheck Finale,https://www.ufc.com/event/TUF12-Finale
RAMPAGE vs MACHIDA,https://www.ufc.com/event/ufc-123
Marquardt vs Okami,https://www.ufc.com/event/ufc-122
Lesnar vs Velasquez,https://www.ufc.com/event/ufc-121
Bisping vs Akiyama,https://www.ufc.com/event/ufc-120
Mir vs Cro Cop,https://www.ufc.com/event/ufc-119
Marquardt vs Palhares,https://www.ufc.com/event/ufc-fight-night-palhares-marquardt
EDGAR vs PENN 2,https://www.ufc.com/event/ufc-118
Silva vs Sonnen,https://www.ufc.com/event/ufc-117
JONES vs MATYUSHENKO,https://www.ufc.com/event/UFC-Live-JONES-vs-MATYUSHENKO
Lesnar vs Carwin,https://www.ufc.com/event/ufc-116
Team Liddell vs Team Ortiz,https://www.ufc.com/event/The-Ultimate-Fighter-Team-Liddell-vs-Team-Ortiz-FINALE
Liddell vs Franklin,https://www.ufc.com/event/ufc-115
RAMPAGE vs EVANS,https://www.ufc.com/event/ufc-114
MACHIDA vs SHOGUN 2,https://www.ufc.com/event/ufc-113
INVINCIBLE,https://www.ufc.com/event/ufc-112
Florian vs Gomi,https://www.ufc.com/event/UFC-Fight-Night-Florian-vs-Gomi
St-Pierre vs Hardy,https://www.ufc.com/event/ufc-111
VERA vs JONES,https://www.ufc.com/event/UFC-on-Versus--Vera-vs-Jones
NOGUEIRA vs VELASQUEZ,https://www.ufc.com/event/ufc-110
RELENTLESS,https://www.ufc.com/event/ufc-109
Maynard vs Diaz,https://www.ufc.com/event/UFC-Fight-Night-Maynard-vs-Diaz
Evans vs Silva,https://www.ufc.com/event/ufc-108
Penn vs Sanchez,https://www.ufc.com/event/ufc-107
Heavyweights FINALE,https://www.ufc.com/event/The-Ultimate-Fighter-HEAVYWEIGHTS-Finale
ORTIZ vs GRIFFIN 2,https://www.ufc.com/event/ufc-106
Couture vs Vera,https://www.ufc.com/event/ufc-105
MACHIDA v SHOGUN,https://www.ufc.com/event/ufc-104
FRANKLIN vs BELFORT,https://www.ufc.com/event/ufc-103
Diaz vs Guillard,https://www.ufc.com/event/UFC-Fight-Night-DIAZ-vs-GUILLARD
COUTURE vs NOGUEIRA,https://www.ufc.com/event/ufc-102
DECLARATION,https://www.ufc.com/event/ufc-101
Lesnar vs. Mir II,https://www.ufc.com/event/ufc-100
Team US vs Team UK FINALE,https://www.ufc.com/event/The-Ultimate-Fighter-Team-US-vs-Team-UK-FINALE
THE COMEBACK,https://www.ufc.com/event/ufc-99
EVANS vs MACHIDA,https://www.ufc.com/event/ufc-98
REDEMPTION,https://www.ufc.com/event/ufc-97
CONDIT vs KAMPMANN,https://www.ufc.com/event/UFC-Fight-Night-Condit-vs-Kampmann
Jackson vs Jardine,https://www.ufc.com/event/ufc-96
Sanchez vs Stevenson,https://www.ufc.com/event/ufc-95
Lauzon vs Stephens,https://www.ufc.com/event/UFC-Fight-Night-Lauzon-vs-Stephens
ST-PIERRE VS PENN 2,https://www.ufc.com/event/ufc-94
FRANKLIN vs HENDERSON,https://www.ufc.com/event/ufc-93
THE ULTIMATE 2008,https://www.ufc.com/event/ufc-92
Team Nog vs Team Mir,https://www.ufc.com/event/The-Ultimate-Fighter-Finale-Team-Nog-vs-Team-Mir
FIGHT FOR THE TROOPS,https://www.ufc.com/event/UFC-Fight-Night-FIGHT-FOR-THE-TROOPS
COUTURE vs LESNAR,https://www.ufc.com/event/ufc-91
Silva vs Cote,https://www.ufc.com/event/ufc-90
Bisping vs Leben,https://www.ufc.com/event/ufc-89
Diaz vs Neer,https://www.ufc.com/event/UFC-Fight-Night-Diaz-vs-Neer
BREAKTHROUGH,https://www.ufc.com/event/ufc-88
SEEK AND DESTROY,https://www.ufc.com/event/ufc-87
Silva vs Irvin,https://www.ufc.com/event/UFC-Silva-vs-Irvin
JACKSON vs GRIFFIN,https://www.ufc.com/event/ufc-86
Team Rampage vs Team Forrest,https://www.ufc.com/event/The-Ultimate-Fighter-T-Rampage-vs-T-Forrest-Finale
BEDLAM,https://www.ufc.com/event/ufc-85
ILL WILL,https://www.ufc.com/event/ufc-84
SERRA vs ST-PIERRE 2,https://www.ufc.com/event/ufc-83
Florian vs Lauzon,https://www.ufc.com/event/UFC-Fight-Night-Kenny-Florian-vs-Joe-Lauzon
PRIDE OF A CHAMPION,https://www.ufc.com/event/ufc-82
BREAKING POINT,https://www.ufc.com/event/ufc-81
Swick vs Burkman,https://www.ufc.com/event/UFC-Fight-Night-Swick-vs-Burkman
RAPID FIRE,https://www.ufc.com/event/ufc-80
NEMESIS,https://www.ufc.com/event/ufc-79
Team Serra vs Team Hughes FINALE,https://www.ufc.com/event/ultimate-fighterUltimate-Fighter-Team-Serra-vs-Team-Hughes-Finale
VALIDATION,https://www.ufc.com/event/ufc-78
HOSTILE TERRITORY,https://www.ufc.com/event/ufc-77
KNOCKOUT,https://www.ufc.com/event/ufc-76
THOMAS vs FLORIAN,https://www.ufc.com/event/UFC-Fight-Night-Din-Thomas-vs-Kenny-Florian
CHAMPION VS CHAMPION,https://www.ufc.com/event/ufc-75
RESPECT,https://www.ufc.com/event/ufc-74
STACKED,https://www.ufc.com/event/ufc-73
Team Pulver vs Team Penn,https://www.ufc.com/event/The-Ultimate-Fighter-5-Finale
VICTORY,https://www.ufc.com/event/ufc-72
STOUT vs FISHER,https://www.ufc.com/event/UFC-Fight-Night-Sam-Stout-vs-Spencer-Fisher
LIDDELL vs JACKSON,https://www.ufc.com/event/ufc-71
NATIONS COLLIDE,https://www.ufc.com/event/ufc-70
SHOOTOUT,https://www.ufc.com/event/ufc-69
Stevenson vs Guillard,https://www.ufc.com/event/UFC-Fight-Night-Stevenson-vs-Guillard
THE UPRISING,https://www.ufc.com/event/ufc-68
ALL OR NOTHING,https://www.ufc.com/event/ufc-67
Evans vs Salmon,https://www.ufc.com/event/UFC-Fight-Night-Rashad-Evans-vs-Sean-Salmon
Liddell vs Ortiz 2,https://www.ufc.com/event/ufc-66
Sanchez vs Riggs,https://www.ufc.com/event/UFC-Fight-Night-Sanchez-vs-Riggs
BAD INTENTIONS,https://www.ufc.com/event/ufc-65
The Comeback,https://www.ufc.com/event/The-Ultimate-Fighter-4-Finale
UNSTOPPABLE,https://www.ufc.com/event/ufc-64
The Final Chapter,https://www.ufc.com/event/Ortiz-vs-Shamrock-3--The-Final-Chapter
Hughes vs Penn,https://www.ufc.com/event/ufc-63
Liddell vs Sobral,https://www.ufc.com/event/ufc-62
Sanchez vs Parisyan,https://www.ufc.com/event/UFC-Fight-Night-6
Bitter Rivals,https://www.ufc.com/event/ufc-61
Goulet vs Cummo,https://www.ufc.com/event/ufc-fight-night-7
Team Ortiz vs Team Shamrock,https://www.ufc.com/event/The-Ultimate-Fighter-3-Finale
Hughes vs Gracie,https://www.ufc.com/event/ufc-60
Reality Check,https://www.ufc.com/event/ufc-59
Bonnar vs Jardine,https://www.ufc.com/event/UFC-Fight-Night-4
USA vs. Canada,https://www.ufc.com/event/ufc-58
Liddell vs Couture 3,https://www.ufc.com/event/ufc-57
Sylvia vs Silva,https://www.ufc.com/event/UFC-Fight-Night-3
Full Force,https://www.ufc.com/event/ufc-56
Team Hughes vs Team Franklin,https://www.ufc.com/event/The-Ultimate-Fighter-2-Finale
Fury,https://www.ufc.com/event/ufc-55
Loiseau vs Tanner,https://www.ufc.com/event/UFC-Fight-Night-2
Boiling Point,https://www.ufc.com/event/ufc-54
Marquardt vs Salaverry,https://www.ufc.com/event/UFC-Fight-Night-1
Heavy Hitters,https://www.ufc.com/event/ufc-53
Couture vs Liddell II,https://www.ufc.com/event/ufc-52
Finale,https://www.ufc.com/event/Ultimate-Fighter-I-Finale
Super Saturday,https://www.ufc.com/event/ufc-51
The War of 04,https://www.ufc.com/event/ufc-50
Unfinished Business,https://www.ufc.com/event/ufc-49
Payback,https://www.ufc.com/event/ufc-48
IT'S ON,https://www.ufc.com/event/ufc-47
Super Natural,https://www.ufc.com/event/ufc-46
Revolution,https://www.ufc.com/event/ufc-45
Undisputed,https://www.ufc.com/event/ufc-44
Meltdown,https://www.ufc.com/event/ufc-43
Sudden Impact,https://www.ufc.com/event/ufc-42
Onslaught,https://www.ufc.com/event/ufc-41
Vendetta,https://www.ufc.com/event/ufc-40
The Warriors Return,https://www.ufc.com/event/ufc-39
Brawl At The Hall,https://www.ufc.com/event/ufc-38
As Real As It Gets®,https://www.ufc.com/event/ufc-375
High Impact,https://www.ufc.com/event/ufc-37
Worlds Collide,https://www.ufc.com/event/ufc-36
Throwdown,https://www.ufc.com/event/ufc-35
High Voltage,https://www.ufc.com/event/ufc-34
Victory In Vegas,https://www.ufc.com/event/ufc-33
Showdown In The Meadowlands,https://www.ufc.com/event/ufc-32
Locked & Loaded,https://www.ufc.com/event/ufc-31
The Battle On The Boardwalk,https://www.ufc.com/event/ufc-30
Defense Of The Belts,https://www.ufc.com/event/ufc-29
High Stakes,https://www.ufc.com/event/ufc-28
Ultimate Bad Boyz,https://www.ufc.com/event/ufc-27
Ultimate Field Of Dreams,https://www.ufc.com/event/ufc-26
Ultimate Japan 3,https://www.ufc.com/event/ufc-25
First Defense,https://www.ufc.com/event/ufc-24
Ultimate Japan 2,https://www.ufc.com/event/ufc-23
There Can Be Only One Champion,https://www.ufc.com/event/ufc-22
Return Of The Champions,https://www.ufc.com/event/ufc-21
Battle For The Gold,https://www.ufc.com/event/ufc-20
Young Guns,https://www.ufc.com/event/ufc-19
Road To The Heavyweight Title,https://www.ufc.com/event/ufc-18
Brazil,https://www.ufc.com/event/Ultimate-Brazil
Redemption,https://www.ufc.com/event/ufc-17
Battle In The Bayou,https://www.ufc.com/event/ufc-16
Ultimate Japan,https://www.ufc.com/event/Ultimate-Japan
Collision Course,https://www.ufc.com/event/ufc-15
Showdown,https://www.ufc.com/event/ufc-14
The Ultimate Force,https://www.ufc.com/event/ufc-13
 Judgement Day,https://www.ufc.com/event/ufc-12
 _,https://www.ufc.com/event/Ultimate-Ultimate-96
The Proving Ground,https://www.ufc.com/event/ufc-11
The Tournament,https://www.ufc.com/event/ufc-10
Motor City Madness,https://www.ufc.com/event/ufc-9
David vs Goliath,https://www.ufc.com/event/ufc-8
_,https://www.ufc.com/event/Ultimate-Ultimate-95
The Brawl In Buffalo,https://www.ufc.com/event/ufc-7
Clash Of The Titans,https://www.ufc.com/event/ufc-6
Return Of The Beast,https://www.ufc.com/event/ufc-5
Revenge Of The Warriors,https://www.ufc.com/event/ufc-4
The American Dream,https://www.ufc.com/event/ufc-3
No Way Out,https://www.ufc.com/event/ufc-2
The Beginning,https://www.ufc.com/event/ufc-1
